customer_id,credit_score,risk_grade,external_active_loans,external_overdue_amount,bureau_pull_date
5488,755,LOW,4,0,2025-02-15
5068,488,MEDIUM,4,0,2025-02-15
2851,723,LOW,0,0,2025-02-15
5736,333,MEDIUM,2,5000,2025-02-15
5214,767,LOW,1,0,2025-02-15
5270,459,LOW,3,0,2025-02-15
5842,344,MEDIUM,0,0,2025-02-15
5585,814,HIGH,2,0,2025-02-15
1195,627,MEDIUM,0,0,2025-02-15
5250,313,HIGH,2,5000,2025-02-15
5541,370,LOW,3,0,2025-02-15
4463,673,LOW,0,0,2025-02-15
5415,602,HIGH,1,0,2025-02-15
5850,701,HIGH,2,0,2025-02-15
5029,613,HIGH,2,0,2025-02-15
5645,659,MEDIUM,4,0,2025-02-15
5364,800,MEDIUM,4,0,2025-02-15
2834,624,LOW,0,0,2025-02-15
2979,728,LOW,1,0,2025-02-15
5655,731,HIGH,2,5000,2025-02-15
5794,628,LOW,0,5000,2025-02-15
5550,586,MEDIUM,0,0,2025-02-15
5202,722,HIGH,0,0,2025-02-15
5774,500,MEDIUM,1,0,2025-02-15
5824,638,LOW,1,5000,2025-02-15
5370,325,MEDIUM,4,0,2025-02-15
4737,625,LOW,2,0,2025-02-15
5926,404,HIGH,4,0,2025-02-15
4950,748,LOW,1,0,2025-02-15
5126,665,LOW,4,0,2025-02-15
4228,840,LOW,2,0,2025-02-15
5312,497,MEDIUM,3,0,2025-02-15
5321,400,HIGH,1,0,2025-02-15
5828,544,HIGH,1,0,2025-02-15
5701,774,LOW,1,5000,2025-02-15
5758,330,LOW,2,0,2025-02-15
5843,587,MEDIUM,0,0,2025-02-15
2038,846,LOW,0,0,2025-02-15
5316,469,MEDIUM,3,0,2025-02-15
5930,656,LOW,2,0,2025-02-15
1976,766,MEDIUM,2,0,2025-02-15
4250,685,LOW,1,0,2025-02-15
3746,840,MEDIUM,0,0,2025-02-15
4053,700,LOW,1,0,2025-02-15
4253,737,LOW,1,0,2025-02-15
5067,481,HIGH,2,0,2025-02-15
5901,766,LOW,0,0,2025-02-15
5877,544,LOW,3,5000,2025-02-15
5474,777,LOW,2,0,2025-02-15
3321,696,MEDIUM,2,0,2025-02-15
3040,830,LOW,2,0,2025-02-15
5181,329,MEDIUM,3,5000,2025-02-15
5678,480,LOW,2,0,2025-02-15
3310,703,LOW,0,0,2025-02-15
1822,815,MEDIUM,0,0,2025-02-15
4081,702,LOW,0,0,2025-02-15
5440,679,LOW,0,0,2025-02-15
5588,402,LOW,3,0,2025-02-15
5917,810,LOW,4,0,2025-02-15
5867,394,MEDIUM,3,5000,2025-02-15
4113,726,MEDIUM,1,0,2025-02-15
5967,514,MEDIUM,1,0,2025-02-15
3667,624,MEDIUM,0,0,2025-02-15
2328,611,LOW,0,0,2025-02-15
5267,503,LOW,3,0,2025-02-15
5444,735,LOW,2,5000,2025-02-15
5797,524,LOW,1,0,2025-02-15
3664,810,MEDIUM,0,0,2025-02-15
3646,785,MEDIUM,0,0,2025-02-15
5290,640,MEDIUM,4,0,2025-02-15
3875,603,LOW,2,0,2025-02-15
5625,552,MEDIUM,2,0,2025-02-15
5087,735,HIGH,4,0,2025-02-15
4915,814,MEDIUM,0,0,2025-02-15
5633,356,MEDIUM,0,5000,2025-02-15
5144,758,MEDIUM,4,0,2025-02-15
5693,594,LOW,0,0,2025-02-15
5254,686,LOW,1,0,2025-02-15
2254,810,MEDIUM,1,0,2025-02-15
1309,798,LOW,1,0,2025-02-15
5283,600,LOW,3,0,2025-02-15
5631,848,HIGH,0,0,2025-02-15
5381,634,LOW,4,0,2025-02-15
5994,424,HIGH,2,5000,2025-02-15
5396,496,LOW,3,0,2025-02-15
4592,782,MEDIUM,2,0,2025-02-15
1704,670,MEDIUM,2,0,2025-02-15
2201,781,LOW,2,0,2025-02-15
4487,635,MEDIUM,1,0,2025-02-15
5218,808,HIGH,4,0,2025-02-15
5266,580,HIGH,3,0,2025-02-15
4423,643,LOW,1,0,2025-02-15
5432,534,LOW,1,0,2025-02-15
2891,609,MEDIUM,0,0,2025-02-15
5974,451,HIGH,2,0,2025-02-15
3586,701,LOW,1,0,2025-02-15
5495,643,MEDIUM,2,0,2025-02-15
5891,466,LOW,1,0,2025-02-15
5151,319,MEDIUM,2,5000,2025-02-15
3267,717,LOW,2,0,2025-02-15
5359,796,MEDIUM,0,0,2025-02-15
5659,672,LOW,3,0,2025-02-15
5022,330,LOW,1,0,2025-02-15
1744,790,MEDIUM,0,0,2025-02-15
5815,355,LOW,4,0,2025-02-15
5827,664,LOW,1,0,2025-02-15
5762,302,HIGH,2,0,2025-02-15
5911,352,MEDIUM,0,5000,2025-02-15
5380,572,LOW,2,0,2025-02-15
5306,709,MEDIUM,0,0,2025-02-15
1784,649,MEDIUM,1,0,2025-02-15
5073,659,LOW,2,5000,2025-02-15
2831,709,LOW,0,0,2025-02-15
5905,554,HIGH,0,0,2025-02-15
3751,619,MEDIUM,2,0,2025-02-15
5450,847,HIGH,1,0,2025-02-15
5054,397,LOW,2,0,2025-02-15
1669,704,MEDIUM,1,0,2025-02-15
5428,764,MEDIUM,1,0,2025-02-15
5076,527,MEDIUM,2,0,2025-02-15
5304,668,MEDIUM,0,0,2025-02-15
5514,799,MEDIUM,0,0,2025-02-15
1581,793,LOW,0,0,2025-02-15
5331,811,MEDIUM,0,0,2025-02-15
5852,782,MEDIUM,4,0,2025-02-15
2109,844,LOW,2,0,2025-02-15
5505,362,LOW,2,0,2025-02-15
5839,349,HIGH,4,0,2025-02-15
5987,802,HIGH,4,0,2025-02-15
5833,574,MEDIUM,2,0,2025-02-15
5873,617,HIGH,2,5000,2025-02-15
1615,626,LOW,1,0,2025-02-15
5236,473,MEDIUM,0,0,2025-02-15
4973,678,MEDIUM,0,0,2025-02-15
5152,488,MEDIUM,3,0,2025-02-15
2294,702,MEDIUM,0,0,2025-02-15
3987,707,MEDIUM,0,0,2025-02-15
5272,577,LOW,3,0,2025-02-15
5741,801,HIGH,0,0,2025-02-15
5016,380,HIGH,1,0,2025-02-15
5042,733,LOW,2,0,2025-02-15
5783,797,HIGH,2,0,2025-02-15
5004,425,HIGH,3,0,2025-02-15
5233,470,HIGH,2,0,2025-02-15
5439,847,LOW,3,0,2025-02-15
5106,771,HIGH,1,0,2025-02-15
5890,354,HIGH,1,5000,2025-02-15
5564,770,LOW,2,0,2025-02-15
5390,713,MEDIUM,0,0,2025-02-15
4098,708,MEDIUM,2,0,2025-02-15
5507,789,LOW,3,0,2025-02-15
5583,701,HIGH,0,0,2025-02-15
2151,776,MEDIUM,0,0,2025-02-15
5673,353,LOW,3,0,2025-02-15
3323,839,MEDIUM,0,0,2025-02-15
2839,726,MEDIUM,0,0,2025-02-15
5499,301,LOW,0,0,2025-02-15
1527,810,MEDIUM,1,0,2025-02-15
5710,428,MEDIUM,2,0,2025-02-15
5581,332,MEDIUM,4,0,2025-02-15
5779,606,HIGH,2,0,2025-02-15
4809,847,MEDIUM,0,0,2025-02-15
5401,451,HIGH,4,0,2025-02-15
5504,669,LOW,3,0,2025-02-15
3345,843,LOW,1,0,2025-02-15
4971,821,LOW,2,0,2025-02-15
1722,657,LOW,2,0,2025-02-15
5118,320,HIGH,0,0,2025-02-15
4936,621,LOW,0,0,2025-02-15
3316,779,MEDIUM,0,0,2025-02-15
2167,796,LOW,2,0,2025-02-15
5417,576,LOW,4,0,2025-02-15
5096,418,HIGH,2,0,2025-02-15
3432,708,LOW,1,0,2025-02-15
5950,621,LOW,4,0,2025-02-15
5443,656,LOW,1,0,2025-02-15
5628,370,MEDIUM,0,0,2025-02-15
3975,803,LOW,2,0,2025-02-15
3995,821,LOW,1,0,2025-02-15
5913,430,HIGH,2,0,2025-02-15
5104,595,LOW,0,0,2025-02-15
5093,742,HIGH,2,0,2025-02-15
5184,564,HIGH,1,0,2025-02-15
3895,782,LOW,1,0,2025-02-15
5545,751,LOW,0,5000,2025-02-15
5554,311,HIGH,0,0,2025-02-15
3410,794,LOW,2,0,2025-02-15
5158,634,LOW,2,0,2025-02-15
4903,665,MEDIUM,0,0,2025-02-15
5239,685,MEDIUM,1,0,2025-02-15
5664,825,HIGH,4,0,2025-02-15
5431,708,LOW,4,0,2025-02-15
5601,774,MEDIUM,1,5000,2025-02-15
5598,838,HIGH,3,5000,2025-02-15
5597,741,MEDIUM,0,0,2025-02-15
5400,570,HIGH,4,0,2025-02-15
2566,758,MEDIUM,0,0,2025-02-15
4465,689,LOW,0,0,2025-02-15
4246,747,LOW,1,0,2025-02-15
5457,358,HIGH,4,0,2025-02-15
5418,775,HIGH,4,0,2025-02-15
4314,726,LOW,2,0,2025-02-15
5582,727,LOW,2,0,2025-02-15
5473,346,MEDIUM,0,0,2025-02-15
5654,506,LOW,2,0,2025-02-15
3016,745,LOW,0,0,2025-02-15
1120,711,LOW,0,0,2025-02-15
5880,347,MEDIUM,0,0,2025-02-15
1768,829,LOW,0,0,2025-02-15
1835,799,LOW,0,0,2025-02-15
5303,316,LOW,0,0,2025-02-15
5477,535,MEDIUM,0,0,2025-02-15
5077,480,HIGH,3,0,2025-02-15
5124,582,HIGH,2,5000,2025-02-15
5165,788,HIGH,3,0,2025-02-15
5610,366,HIGH,0,0,2025-02-15
2607,751,MEDIUM,1,0,2025-02-15
5533,376,HIGH,2,0,2025-02-15
4759,833,MEDIUM,1,0,2025-02-15
2533,846,LOW,0,0,2025-02-15
5973,446,HIGH,1,5000,2025-02-15
1953,778,MEDIUM,2,0,2025-02-15
2943,738,MEDIUM,1,0,2025-02-15
2110,627,LOW,0,0,2025-02-15
5573,311,MEDIUM,0,0,2025-02-15
2172,685,LOW,0,0,2025-02-15
3871,804,LOW,0,0,2025-02-15
5255,467,MEDIUM,2,0,2025-02-15
5725,795,LOW,1,0,2025-02-15
3568,757,MEDIUM,0,0,2025-02-15
4466,786,LOW,2,0,2025-02-15
1016,821,LOW,2,0,2025-02-15
5771,774,LOW,3,0,2025-02-15
5527,463,MEDIUM,4,5000,2025-02-15
3659,735,MEDIUM,1,0,2025-02-15
5720,452,MEDIUM,3,0,2025-02-15
5984,835,HIGH,4,0,2025-02-15
5863,324,HIGH,1,5000,2025-02-15
5460,708,LOW,3,0,2025-02-15
5055,547,MEDIUM,2,0,2025-02-15
2696,707,MEDIUM,0,0,2025-02-15
1717,779,LOW,0,0,2025-02-15
5770,532,HIGH,1,5000,2025-02-15
5242,512,LOW,2,5000,2025-02-15
5110,773,MEDIUM,0,0,2025-02-15
4786,664,LOW,0,0,2025-02-15
3782,672,MEDIUM,0,0,2025-02-15
2331,731,LOW,2,0,2025-02-15
5079,617,MEDIUM,0,5000,2025-02-15
5929,522,MEDIUM,4,5000,2025-02-15
5870,830,MEDIUM,4,0,2025-02-15
5134,493,MEDIUM,1,0,2025-02-15
2537,788,LOW,2,0,2025-02-15
5030,787,LOW,2,5000,2025-02-15
1070,756,LOW,1,0,2025-02-15
3578,620,LOW,1,0,2025-02-15
5150,469,LOW,3,0,2025-02-15
5486,832,HIGH,1,0,2025-02-15
3031,630,MEDIUM,1,0,2025-02-15
3142,627,MEDIUM,2,0,2025-02-15
5855,765,MEDIUM,3,0,2025-02-15
5660,734,MEDIUM,1,0,2025-02-15
3240,842,LOW,1,0,2025-02-15
5558,337,LOW,2,0,2025-02-15
5193,843,HIGH,2,0,2025-02-15
3495,797,MEDIUM,1,0,2025-02-15
2993,624,LOW,1,0,2025-02-15
5729,442,LOW,3,0,2025-02-15
5160,780,MEDIUM,2,0,2025-02-15
5997,453,LOW,4,5000,2025-02-15
5922,509,LOW,3,0,2025-02-15
5491,659,MEDIUM,4,0,2025-02-15
5658,379,HIGH,2,5000,2025-02-15
5515,556,MEDIUM,0,0,2025-02-15
5671,845,MEDIUM,4,0,2025-02-15
5640,559,LOW,4,0,2025-02-15
2029,685,LOW,0,0,2025-02-15
5743,838,MEDIUM,4,0,2025-02-15
3993,650,LOW,2,0,2025-02-15
5133,390,LOW,2,5000,2025-02-15
3125,674,MEDIUM,0,0,2025-02-15
5421,711,LOW,4,0,2025-02-15
3851,745,MEDIUM,1,0,2025-02-15
3115,833,LOW,0,0,2025-02-15
5394,600,MEDIUM,4,0,2025-02-15
4590,694,LOW,2,0,2025-02-15
5391,770,MEDIUM,1,5000,2025-02-15
5340,333,MEDIUM,3,5000,2025-02-15
5618,712,LOW,1,5000,2025-02-15
1956,749,MEDIUM,1,0,2025-02-15
5273,381,LOW,4,0,2025-02-15
5829,530,HIGH,3,0,2025-02-15
4849,792,MEDIUM,2,0,2025-02-15
5594,747,LOW,3,5000,2025-02-15
3427,815,LOW,1,0,2025-02-15
5238,697,LOW,1,0,2025-02-15
5577,722,LOW,0,0,2025-02-15
5132,500,HIGH,4,5000,2025-02-15
5869,842,HIGH,3,0,2025-02-15
5560,433,HIGH,1,5000,2025-02-15
4320,679,MEDIUM,1,0,2025-02-15
5119,520,MEDIUM,1,0,2025-02-15
3900,750,LOW,1,0,2025-02-15
5571,393,HIGH,1,0,2025-02-15
5910,391,MEDIUM,2,5000,2025-02-15
3558,600,MEDIUM,0,0,2025-02-15
5670,456,MEDIUM,4,0,2025-02-15
5993,561,HIGH,3,5000,2025-02-15
1737,799,MEDIUM,2,0,2025-02-15
5924,608,LOW,2,0,2025-02-15
5773,346,MEDIUM,4,0,2025-02-15
5310,699,HIGH,2,0,2025-02-15
2094,608,LOW,0,0,2025-02-15
5687,364,HIGH,4,5000,2025-02-15
5714,453,MEDIUM,1,0,2025-02-15
5886,572,LOW,4,0,2025-02-15
2352,614,MEDIUM,1,0,2025-02-15
4913,649,MEDIUM,0,0,2025-02-15
2365,624,LOW,2,0,2025-02-15
1552,665,LOW,2,0,2025-02-15
5355,576,HIGH,1,5000,2025-02-15
5551,565,LOW,4,0,2025-02-15
5268,331,LOW,4,0,2025-02-15
4408,768,LOW,0,0,2025-02-15
1097,730,LOW,2,0,2025-02-15
4565,737,LOW,2,0,2025-02-15
5374,723,MEDIUM,1,0,2025-02-15
5362,762,HIGH,1,0,2025-02-15
5977,516,MEDIUM,4,0,2025-02-15
4866,634,LOW,1,0,2025-02-15
5503,779,MEDIUM,1,5000,2025-02-15
5883,808,MEDIUM,4,0,2025-02-15
5578,714,LOW,2,0,2025-02-15
2382,827,LOW,2,0,2025-02-15
5810,617,MEDIUM,1,0,2025-02-15
4739,707,MEDIUM,2,0,2025-02-15
5622,747,LOW,0,5000,2025-02-15
1209,639,MEDIUM,2,0,2025-02-15
5611,403,HIGH,4,5000,2025-02-15
4602,701,MEDIUM,0,0,2025-02-15
5562,715,LOW,4,0,2025-02-15
5248,759,MEDIUM,4,0,2025-02-15
4491,827,MEDIUM,2,0,2025-02-15
5101,379,MEDIUM,4,0,2025-02-15
5357,532,MEDIUM,0,0,2025-02-15
5600,505,HIGH,4,5000,2025-02-15
3649,760,MEDIUM,2,0,2025-02-15
5187,597,MEDIUM,0,0,2025-02-15
5496,700,MEDIUM,4,5000,2025-02-15
5260,638,MEDIUM,2,0,2025-02-15
5031,605,HIGH,3,0,2025-02-15
5420,698,LOW,3,0,2025-02-15
1354,830,MEDIUM,1,0,2025-02-15
5302,648,MEDIUM,0,0,2025-02-15
5522,322,HIGH,4,5000,2025-02-15
5349,803,MEDIUM,2,0,2025-02-15
5966,736,MEDIUM,4,0,2025-02-15
5163,784,HIGH,1,0,2025-02-15
4044,654,MEDIUM,2,0,2025-02-15
1918,622,MEDIUM,2,0,2025-02-15
5730,325,MEDIUM,2,0,2025-02-15
4974,781,MEDIUM,2,0,2025-02-15
5882,488,HIGH,1,5000,2025-02-15
1188,697,MEDIUM,0,0,2025-02-15
1251,831,LOW,1,0,2025-02-15
5466,402,LOW,3,0,2025-02-15
5599,846,LOW,4,5000,2025-02-15
5161,565,HIGH,1,5000,2025-02-15
2808,629,MEDIUM,0,0,2025-02-15
1396,747,LOW,0,0,2025-02-15
3281,701,LOW,0,0,2025-02-15
4733,765,MEDIUM,2,0,2025-02-15
5791,535,LOW,4,0,2025-02-15
4955,748,MEDIUM,1,0,2025-02-15
3297,743,LOW,1,0,2025-02-15
5341,390,HIGH,0,0,2025-02-15
5264,715,HIGH,3,0,2025-02-15
5006,436,LOW,2,0,2025-02-15
5129,572,MEDIUM,1,0,2025-02-15
1492,691,LOW,0,0,2025-02-15
5103,796,MEDIUM,3,0,2025-02-15
3383,649,MEDIUM,2,0,2025-02-15
3169,733,MEDIUM,0,0,2025-02-15
5531,687,LOW,3,0,2025-02-15
1211,678,LOW,0,0,2025-02-15
5384,484,LOW,2,0,2025-02-15
5506,754,MEDIUM,3,5000,2025-02-15
5343,326,HIGH,2,0,2025-02-15
5626,600,LOW,1,0,2025-02-15
3967,798,LOW,1,0,2025-02-15
5281,697,MEDIUM,1,0,2025-02-15
5253,831,MEDIUM,0,5000,2025-02-15
5809,494,MEDIUM,4,0,2025-02-15
5823,825,LOW,4,5000,2025-02-15
4704,743,LOW,0,0,2025-02-15
5807,350,HIGH,1,0,2025-02-15
5813,338,MEDIUM,4,5000,2025-02-15
5897,707,HIGH,0,0,2025-02-15
5472,317,HIGH,4,0,2025-02-15
5010,802,MEDIUM,4,0,2025-02-15
5945,441,MEDIUM,0,0,2025-02-15
5373,762,LOW,1,0,2025-02-15
5092,425,HIGH,4,5000,2025-02-15
2952,627,LOW,2,0,2025-02-15
5723,569,MEDIUM,0,0,2025-02-15
5047,390,HIGH,1,0,2025-02-15
5555,321,MEDIUM,3,0,2025-02-15
1332,684,LOW,1,0,2025-02-15
5228,302,MEDIUM,0,0,2025-02-15
1280,634,LOW,2,0,2025-02-15
1445,823,MEDIUM,1,0,2025-02-15
5772,766,LOW,4,0,2025-02-15
5656,482,MEDIUM,0,0,2025-02-15
5569,750,HIGH,3,0,2025-02-15
5045,739,HIGH,4,0,2025-02-15
5900,324,LOW,3,0,2025-02-15
5572,730,MEDIUM,2,0,2025-02-15
5567,587,HIGH,3,0,2025-02-15
5174,527,LOW,3,0,2025-02-15
1409,697,LOW,1,0,2025-02-15
5969,640,LOW,3,0,2025-02-15
5979,804,MEDIUM,3,0,2025-02-15
5258,738,LOW,0,0,2025-02-15
3033,673,MEDIUM,1,0,2025-02-15
2978,835,LOW,1,0,2025-02-15
5442,335,HIGH,0,0,2025-02-15
3187,790,MEDIUM,1,0,2025-02-15
5091,434,LOW,0,0,2025-02-15
4864,607,MEDIUM,0,0,2025-02-15
2091,692,MEDIUM,2,0,2025-02-15
5848,714,MEDIUM,2,0,2025-02-15
5372,407,LOW,4,0,2025-02-15
5064,334,HIGH,1,5000,2025-02-15
2227,848,MEDIUM,0,0,2025-02-15
5972,612,MEDIUM,4,0,2025-02-15
5197,530,MEDIUM,4,0,2025-02-15
2785,624,LOW,1,0,2025-02-15
5799,377,HIGH,0,0,2025-02-15
3376,790,LOW,0,0,2025-02-15
5065,361,MEDIUM,3,0,2025-02-15
3065,664,LOW,2,0,2025-02-15
4819,803,LOW,2,0,2025-02-15
3721,622,MEDIUM,2,0,2025-02-15
5044,586,LOW,4,0,2025-02-15
5075,338,HIGH,3,0,2025-02-15
1267,693,MEDIUM,2,0,2025-02-15
1386,605,LOW,1,0,2025-02-15
5288,375,LOW,4,0,2025-02-15
5894,437,HIGH,2,0,2025-02-15
5351,463,HIGH,2,0,2025-02-15
5579,516,HIGH,0,0,2025-02-15
5767,429,MEDIUM,4,5000,2025-02-15
5938,723,MEDIUM,2,0,2025-02-15
5568,446,MEDIUM,3,0,2025-02-15
4188,629,MEDIUM,1,0,2025-02-15
5354,606,MEDIUM,1,0,2025-02-15
5413,370,LOW,0,0,2025-02-15
5180,718,HIGH,0,5000,2025-02-15
5651,612,HIGH,4,0,2025-02-15
5648,531,MEDIUM,0,0,2025-02-15
5026,683,HIGH,1,0,2025-02-15
5120,462,LOW,2,0,2025-02-15
4964,759,LOW,0,0,2025-02-15
5619,598,LOW,2,5000,2025-02-15
5061,725,MEDIUM,1,0,2025-02-15
5294,366,HIGH,2,0,2025-02-15
5893,510,LOW,1,5000,2025-02-15
5116,820,MEDIUM,4,0,2025-02-15
3317,719,LOW,0,0,2025-02-15
5033,512,HIGH,3,0,2025-02-15
5464,414,MEDIUM,3,0,2025-02-15
2509,631,MEDIUM,2,0,2025-02-15
5875,504,LOW,2,5000,2025-02-15
2247,702,LOW,2,0,2025-02-15
5108,586,MEDIUM,4,0,2025-02-15
5800,516,LOW,2,0,2025-02-15
2798,743,LOW,2,0,2025-02-15
1424,813,LOW,2,0,2025-02-15
5814,678,MEDIUM,2,0,2025-02-15
5632,373,LOW,4,0,2025-02-15
1927,747,LOW,1,0,2025-02-15
5667,760,HIGH,3,0,2025-02-15
1259,792,MEDIUM,1,0,2025-02-15
5038,612,HIGH,2,0,2025-02-15
5755,439,HIGH,1,0,2025-02-15
3003,600,LOW,1,0,2025-02-15
5587,629,LOW,2,0,2025-02-15
5465,390,HIGH,0,0,2025-02-15
4059,843,LOW,1,0,2025-02-15
5166,677,LOW,0,5000,2025-02-15
5235,317,LOW,4,0,2025-02-15
1875,833,MEDIUM,2,0,2025-02-15
3119,659,MEDIUM,0,0,2025-02-15
5402,359,LOW,1,0,2025-02-15
5350,805,MEDIUM,0,0,2025-02-15
5688,361,LOW,4,5000,2025-02-15
1680,752,LOW,0,0,2025-02-15
5846,814,MEDIUM,3,0,2025-02-15
2616,716,MEDIUM,0,0,2025-02-15
3889,653,LOW,2,0,2025-02-15
3788,780,MEDIUM,0,0,2025-02-15
2549,643,LOW,2,0,2025-02-15
3597,823,LOW,2,0,2025-02-15
5841,449,HIGH,4,0,2025-02-15
5085,580,LOW,4,0,2025-02-15
1885,727,LOW,1,0,2025-02-15
5348,636,LOW,3,0,2025-02-15
5818,591,MEDIUM,2,0,2025-02-15
4203,645,LOW,0,0,2025-02-15
1520,835,MEDIUM,1,0,2025-02-15
1282,606,LOW,1,0,2025-02-15
1763,802,MEDIUM,1,0,2025-02-15
5760,743,LOW,0,5000,2025-02-15
1287,664,LOW,0,0,2025-02-15
3035,656,LOW,2,0,2025-02-15
5408,535,MEDIUM,3,0,2025-02-15
5724,712,LOW,1,5000,2025-02-15
5367,535,LOW,3,0,2025-02-15
5612,416,HIGH,4,5000,2025-02-15
4219,720,MEDIUM,0,0,2025-02-15
5360,627,HIGH,4,0,2025-02-15
4350,779,MEDIUM,1,0,2025-02-15
5027,655,MEDIUM,4,0,2025-02-15
5392,684,MEDIUM,3,0,2025-02-15
5604,754,HIGH,0,0,2025-02-15
5509,578,MEDIUM,1,0,2025-02-15
5275,749,LOW,4,5000,2025-02-15
5176,343,MEDIUM,0,0,2025-02-15
2204,711,LOW,1,0,2025-02-15
4900,781,LOW,1,0,2025-02-15
5292,414,MEDIUM,1,5000,2025-02-15
5646,394,MEDIUM,3,0,2025-02-15
5309,713,HIGH,2,0,2025-02-15
5961,771,MEDIUM,0,0,2025-02-15
5970,430,MEDIUM,4,0,2025-02-15
3585,684,LOW,0,0,2025-02-15
5314,844,LOW,1,0,2025-02-15
2150,655,LOW,2,0,2025-02-15
5172,320,MEDIUM,2,0,2025-02-15
5649,438,LOW,4,5000,2025-02-15
5002,572,MEDIUM,4,5000,2025-02-15
5699,806,MEDIUM,2,5000,2025-02-15
5441,355,MEDIUM,4,0,2025-02-15
4395,788,LOW,0,0,2025-02-15
5136,409,MEDIUM,2,5000,2025-02-15
4919,841,MEDIUM,2,0,2025-02-15
5703,380,HIGH,4,0,2025-02-15
5131,763,MEDIUM,1,5000,2025-02-15
5480,411,MEDIUM,1,5000,2025-02-15
5976,556,MEDIUM,4,0,2025-02-15
5361,449,LOW,0,0,2025-02-15
5323,771,LOW,1,5000,2025-02-15
1562,752,LOW,1,0,2025-02-15
5563,479,HIGH,4,0,2025-02-15
4161,781,MEDIUM,1,0,2025-02-15
5565,821,MEDIUM,4,0,2025-02-15
5635,779,HIGH,3,5000,2025-02-15
1748,802,MEDIUM,2,0,2025-02-15
5278,441,LOW,3,0,2025-02-15
5039,406,LOW,1,5000,2025-02-15
5668,710,MEDIUM,0,5000,2025-02-15
5035,451,MEDIUM,0,0,2025-02-15
5763,705,HIGH,4,0,2025-02-15
5793,479,HIGH,3,0,2025-02-15
1305,655,MEDIUM,2,0,2025-02-15
3002,677,MEDIUM,2,0,2025-02-15
5700,704,MEDIUM,4,0,2025-02-15
4136,712,MEDIUM,1,0,2025-02-15
3924,757,LOW,0,0,2025-02-15
5135,379,LOW,0,5000,2025-02-15
5203,738,MEDIUM,3,5000,2025-02-15
5931,457,HIGH,3,0,2025-02-15
5711,555,HIGH,1,5000,2025-02-15
5114,566,MEDIUM,1,0,2025-02-15
4880,687,LOW,2,0,2025-02-15
1639,723,LOW,0,0,2025-02-15
2565,734,LOW,2,0,2025-02-15
5015,377,HIGH,2,5000,2025-02-15
5692,694,LOW,2,0,2025-02-15
3420,837,MEDIUM,0,0,2025-02-15
5256,486,MEDIUM,1,0,2025-02-15
5156,794,MEDIUM,2,0,2025-02-15
4745,601,LOW,1,0,2025-02-15
5845,715,MEDIUM,1,0,2025-02-15
5885,671,HIGH,0,0,2025-02-15
1048,717,LOW,2,0,2025-02-15
5333,305,MEDIUM,4,0,2025-02-15
1050,809,MEDIUM,0,0,2025-02-15
3154,625,LOW,0,0,2025-02-15
5964,411,MEDIUM,1,5000,2025-02-15
2534,832,MEDIUM,2,0,2025-02-15
5592,747,LOW,3,0,2025-02-15
5728,532,LOW,3,0,2025-02-15
4363,814,LOW,2,0,2025-02-15
3829,719,MEDIUM,2,0,2025-02-15
5298,752,HIGH,4,0,2025-02-15
5669,758,LOW,3,0,2025-02-15
5647,604,HIGH,1,0,2025-02-15
2130,655,MEDIUM,0,0,2025-02-15
5234,710,HIGH,4,5000,2025-02-15
5102,699,HIGH,2,0,2025-02-15
5207,562,LOW,1,0,2025-02-15
1710,775,MEDIUM,1,0,2025-02-15
5768,567,HIGH,3,0,2025-02-15
1963,848,MEDIUM,1,0,2025-02-15
5265,648,MEDIUM,2,0,2025-02-15
5111,407,LOW,3,0,2025-02-15
5606,720,LOW,0,5000,2025-02-15
5475,727,LOW,1,0,2025-02-15
5596,322,LOW,2,5000,2025-02-15
5363,462,MEDIUM,4,0,2025-02-15
4494,634,LOW,2,0,2025-02-15
5299,696,LOW,2,0,2025-02-15
5896,826,HIGH,1,0,2025-02-15
2917,705,LOW,0,0,2025-02-15
5385,558,HIGH,0,0,2025-02-15
5792,385,LOW,1,5000,2025-02-15
5968,631,MEDIUM,3,0,2025-02-15
5069,499,MEDIUM,0,0,2025-02-15
4078,842,LOW,0,0,2025-02-15
5916,607,MEDIUM,2,0,2025-02-15
5751,555,HIGH,1,0,2025-02-15
5590,720,MEDIUM,2,5000,2025-02-15
5500,842,LOW,4,0,2025-02-15
2274,680,LOW,0,0,2025-02-15
5485,841,HIGH,1,0,2025-02-15
5553,764,MEDIUM,3,5000,2025-02-15
5463,440,HIGH,0,0,2025-02-15
5804,574,HIGH,0,0,2025-02-15
5324,386,LOW,2,0,2025-02-15
5708,391,MEDIUM,2,0,2025-02-15
5490,650,HIGH,0,0,2025-02-15
5858,455,HIGH,3,0,2025-02-15
5237,327,MEDIUM,3,0,2025-02-15
5430,786,LOW,4,0,2025-02-15
5377,588,MEDIUM,1,5000,2025-02-15
5960,572,HIGH,1,0,2025-02-15
5375,769,LOW,3,0,2025-02-15
5032,798,LOW,2,0,2025-02-15
5501,497,HIGH,4,0,2025-02-15
5853,532,LOW,1,0,2025-02-15
5262,405,LOW,2,0,2025-02-15
2721,815,LOW,2,0,2025-02-15
5280,499,HIGH,4,5000,2025-02-15
4597,728,MEDIUM,0,0,2025-02-15
5494,711,HIGH,4,0,2025-02-15
1308,648,LOW,1,0,2025-02-15
5311,816,MEDIUM,1,0,2025-02-15
4358,663,LOW,2,0,2025-02-15
5482,471,HIGH,2,0,2025-02-15
1802,738,LOW,0,0,2025-02-15
3933,785,MEDIUM,1,0,2025-02-15
5665,591,HIGH,0,0,2025-02-15
5412,686,HIGH,3,0,2025-02-15
4450,802,MEDIUM,2,0,2025-02-15
5307,733,LOW,0,0,2025-02-15
2728,718,MEDIUM,1,0,2025-02-15
5395,356,HIGH,1,0,2025-02-15
5530,633,LOW,4,0,2025-02-15
3735,674,LOW,0,0,2025-02-15
2192,627,MEDIUM,0,0,2025-02-15
3961,672,LOW,2,0,2025-02-15
2896,636,LOW,2,0,2025-02-15
5795,818,MEDIUM,4,5000,2025-02-15
5919,606,LOW,1,0,2025-02-15
5876,363,MEDIUM,1,0,2025-02-15
5750,760,LOW,2,0,2025-02-15
5142,638,HIGH,2,0,2025-02-15
5785,663,MEDIUM,3,0,2025-02-15
2919,761,LOW,2,0,2025-02-15
2105,704,MEDIUM,0,0,2025-02-15
5188,630,LOW,2,0,2025-02-15
1587,673,MEDIUM,0,0,2025-02-15
4058,701,LOW,1,0,2025-02-15
5334,383,HIGH,0,0,2025-02-15
5170,699,LOW,0,0,2025-02-15
1301,846,MEDIUM,0,0,2025-02-15
3477,698,MEDIUM,1,0,2025-02-15
5766,728,HIGH,4,0,2025-02-15
1633,675,MEDIUM,2,0,2025-02-15
5653,545,HIGH,0,5000,2025-02-15
5871,387,HIGH,2,0,2025-02-15
5840,343,LOW,4,0,2025-02-15
5397,689,HIGH,1,0,2025-02-15
1876,616,MEDIUM,2,0,2025-02-15
5694,515,HIGH,2,0,2025-02-15
5285,434,MEDIUM,0,5000,2025-02-15
4728,624,LOW,2,0,2025-02-15
2015,804,LOW,2,0,2025-02-15
5832,306,HIGH,0,0,2025-02-15
5122,727,HIGH,2,0,2025-02-15
2645,845,MEDIUM,2,0,2025-02-15
5048,725,LOW,2,0,2025-02-15
3883,657,LOW,2,0,2025-02-15
1920,739,MEDIUM,1,0,2025-02-15
1730,728,MEDIUM,0,0,2025-02-15
3377,734,LOW,1,0,2025-02-15
3778,651,LOW,2,0,2025-02-15
5107,790,MEDIUM,0,0,2025-02-15
5775,606,MEDIUM,2,0,2025-02-15
3857,721,LOW,1,0,2025-02-15
5526,478,MEDIUM,0,0,2025-02-15
5162,617,MEDIUM,0,0,2025-02-15
2395,617,MEDIUM,2,0,2025-02-15
5194,650,LOW,3,0,2025-02-15
5097,340,MEDIUM,2,0,2025-02-15
1181,727,LOW,0,0,2025-02-15
5320,510,HIGH,2,0,2025-02-15
3425,708,LOW,0,0,2025-02-15
5754,770,LOW,4,5000,2025-02-15
5734,841,MEDIUM,1,0,2025-02-15
5007,609,MEDIUM,4,0,2025-02-15
1330,703,MEDIUM,2,0,2025-02-15
5937,444,LOW,0,5000,2025-02-15
5379,829,HIGH,1,0,2025-02-15
5043,578,LOW,0,0,2025-02-15
5411,406,HIGH,2,0,2025-02-15
3141,815,LOW,0,0,2025-02-15
5139,764,HIGH,2,0,2025-02-15
5912,526,HIGH,2,0,2025-02-15
5821,658,MEDIUM,4,0,2025-02-15
5145,601,LOW,3,5000,2025-02-15
5458,416,HIGH,1,0,2025-02-15
5072,307,LOW,3,0,2025-02-15
2074,621,MEDIUM,2,0,2025-02-15
5546,691,MEDIUM,2,0,2025-02-15
5291,711,MEDIUM,1,0,2025-02-15
5063,336,LOW,0,5000,2025-02-15
2805,655,LOW,0,0,2025-02-15
5608,835,LOW,1,0,2025-02-15
5315,354,MEDIUM,2,0,2025-02-15
5740,428,MEDIUM,4,0,2025-02-15
5682,542,HIGH,0,0,2025-02-15
5419,410,LOW,2,0,2025-02-15
2690,728,MEDIUM,1,0,2025-02-15
5332,671,HIGH,4,0,2025-02-15
5293,681,MEDIUM,2,0,2025-02-15
3332,847,MEDIUM,0,0,2025-02-15
4012,746,MEDIUM,1,0,2025-02-15
5198,592,HIGH,2,0,2025-02-15
5154,433,MEDIUM,4,0,2025-02-15
5051,547,MEDIUM,1,0,2025-02-15
5831,483,HIGH,0,5000,2025-02-15
5636,724,LOW,4,0,2025-02-15
5907,677,HIGH,2,5000,2025-02-15
5224,461,MEDIUM,3,0,2025-02-15
5753,353,HIGH,2,0,2025-02-15
5595,423,LOW,0,0,2025-02-15
5454,684,MEDIUM,3,0,2025-02-15
5983,395,MEDIUM,3,0,2025-02-15
5074,641,HIGH,2,0,2025-02-15
5404,446,MEDIUM,2,0,2025-02-15
5212,758,HIGH,0,5000,2025-02-15
5182,836,LOW,2,5000,2025-02-15
4614,783,LOW,0,0,2025-02-15
5769,563,HIGH,2,5000,2025-02-15
5593,428,HIGH,1,0,2025-02-15
5638,521,HIGH,1,0,2025-02-15
5990,395,HIGH,2,0,2025-02-15
5721,789,HIGH,1,0,2025-02-15
5535,780,LOW,2,0,2025-02-15
5508,636,MEDIUM,2,5000,2025-02-15
5090,590,LOW,0,0,2025-02-15
2500,641,MEDIUM,1,0,2025-02-15
3147,776,MEDIUM,0,0,2025-02-15
5566,728,HIGH,1,0,2025-02-15
5127,420,MEDIUM,3,5000,2025-02-15
2688,817,LOW,0,0,2025-02-15
4270,783,LOW,0,0,2025-02-15
5344,417,HIGH,4,0,2025-02-15
5147,679,LOW,2,0,2025-02-15
5709,522,LOW,0,0,2025-02-15
5776,533,LOW,1,0,2025-02-15
5525,561,MEDIUM,3,0,2025-02-15
5259,453,LOW,4,0,2025-02-15
4523,793,LOW,0,0,2025-02-15
4505,713,MEDIUM,0,0,2025-02-15
1698,661,LOW,1,0,2025-02-15
5963,553,LOW,0,0,2025-02-15
5854,312,HIGH,2,0,2025-02-15
5838,566,MEDIUM,3,0,2025-02-15
5438,370,LOW,3,0,2025-02-15
5696,623,MEDIUM,0,5000,2025-02-15
2729,601,MEDIUM,0,0,2025-02-15
5141,609,LOW,3,0,2025-02-15
4412,797,MEDIUM,1,0,2025-02-15
5378,376,MEDIUM,4,5000,2025-02-15
5903,621,HIGH,4,0,2025-02-15
1616,756,LOW,0,0,2025-02-15
5387,694,LOW,3,5000,2025-02-15
5676,731,HIGH,4,0,2025-02-15
5326,579,LOW,2,0,2025-02-15
5231,417,LOW,3,0,2025-02-15
5690,348,HIGH,2,0,2025-02-15
4221,697,MEDIUM,2,0,2025-02-15
5719,366,MEDIUM,0,0,2025-02-15
5414,641,MEDIUM,0,0,2025-02-15
5449,383,HIGH,0,5000,2025-02-15
5435,334,HIGH,3,0,2025-02-15
2924,615,MEDIUM,0,0,2025-02-15
1926,840,LOW,2,0,2025-02-15
5476,746,HIGH,3,5000,2025-02-15
1158,606,LOW,2,0,2025-02-15
5605,339,LOW,1,0,2025-02-15
3186,726,MEDIUM,2,0,2025-02-15
5481,524,LOW,1,0,2025-02-15
5857,672,LOW,2,0,2025-02-15
2343,729,MEDIUM,2,0,2025-02-15
5691,662,MEDIUM,2,0,2025-02-15
5462,433,HIGH,1,0,2025-02-15
5140,508,LOW,4,0,2025-02-15
5125,797,LOW,0,0,2025-02-15
5269,406,HIGH,1,5000,2025-02-15
5479,473,HIGH,4,0,2025-02-15
1649,681,MEDIUM,2,0,2025-02-15
5952,635,MEDIUM,3,0,2025-02-15
4982,733,MEDIUM,2,0,2025-02-15
2983,703,MEDIUM,1,0,2025-02-15
5953,525,LOW,3,0,2025-02-15
1194,793,LOW,1,0,2025-02-15
5722,530,LOW,0,0,2025-02-15
2887,793,LOW,0,0,2025-02-15
5034,658,MEDIUM,3,0,2025-02-15
5489,333,HIGH,1,5000,2025-02-15
5784,798,LOW,2,0,2025-02-15
5084,464,MEDIUM,0,0,2025-02-15
5300,844,MEDIUM,4,0,2025-02-15
5338,726,MEDIUM,2,0,2025-02-15
5642,537,MEDIUM,1,5000,2025-02-15
5247,738,LOW,3,5000,2025-02-15
5226,722,MEDIUM,0,0,2025-02-15
5279,654,MEDIUM,0,5000,2025-02-15
5674,665,HIGH,0,0,2025-02-15
5536,481,HIGH,1,5000,2025-02-15
5123,814,LOW,4,5000,2025-02-15
5192,554,LOW,3,0,2025-02-15
5680,571,HIGH,0,0,2025-02-15
5005,729,MEDIUM,0,0,2025-02-15
4344,768,LOW,2,0,2025-02-15
5726,602,MEDIUM,2,5000,2025-02-15
4806,639,LOW,0,0,2025-02-15
5484,506,MEDIUM,2,0,2025-02-15
5864,533,MEDIUM,2,0,2025-02-15
5847,423,HIGH,4,0,2025-02-15
5620,534,MEDIUM,0,0,2025-02-15
4923,686,MEDIUM,1,0,2025-02-15
5650,825,LOW,1,0,2025-02-15
5856,563,MEDIUM,2,0,2025-02-15
1003,615,MEDIUM,1,0,2025-02-15
5844,550,HIGH,4,0,2025-02-15
5717,728,MEDIUM,0,0,2025-02-15
1024,634,MEDIUM,2,0,2025-02-15
4319,622,MEDIUM,0,0,2025-02-15
5534,653,LOW,3,0,2025-02-15
5851,560,LOW,1,0,2025-02-15
1411,641,MEDIUM,1,0,2025-02-15
1439,608,MEDIUM,1,0,2025-02-15
5459,757,LOW,3,5000,2025-02-15
5986,732,MEDIUM,4,0,2025-02-15
5859,834,MEDIUM,0,0,2025-02-15
3156,644,MEDIUM,1,0,2025-02-15
5695,473,HIGH,0,0,2025-02-15
5752,816,MEDIUM,0,0,2025-02-15
5080,445,HIGH,3,0,2025-02-15
4062,842,LOW,2,0,2025-02-15
5070,668,HIGH,4,0,2025-02-15
3911,787,LOW,2,0,2025-02-15
2072,699,LOW,2,0,2025-02-15
5746,848,MEDIUM,4,0,2025-02-15
3686,830,LOW,1,0,2025-02-15
5149,514,HIGH,1,0,2025-02-15
5915,760,HIGH,2,0,2025-02-15
5934,721,LOW,2,5000,2025-02-15
5909,741,MEDIUM,1,5000,2025-02-15
4975,631,LOW,1,0,2025-02-15
5179,488,LOW,4,0,2025-02-15
5471,493,MEDIUM,2,0,2025-02-15
2049,818,MEDIUM,2,0,2025-02-15
2478,810,LOW,0,0,2025-02-15
5539,340,LOW,4,0,2025-02-15
5865,456,HIGH,4,0,2025-02-15
5451,683,HIGH,4,5000,2025-02-15
5529,765,LOW,4,0,2025-02-15
1622,630,LOW,2,0,2025-02-15
1431,616,MEDIUM,2,0,2025-02-15
5789,707,MEDIUM,2,5000,2025-02-15
5943,646,MEDIUM,2,0,2025-02-15
5347,419,MEDIUM,1,0,2025-02-15
5081,609,MEDIUM,2,0,2025-02-15
5634,540,HIGH,1,0,2025-02-15
1192,786,MEDIUM,0,0,2025-02-15
5988,335,HIGH,2,5000,2025-02-15
5369,604,LOW,2,0,2025-02-15
5802,615,MEDIUM,3,0,2025-02-15
5822,439,MEDIUM,0,0,2025-02-15
5639,708,HIGH,2,0,2025-02-15
5220,829,LOW,4,0,2025-02-15
5616,666,MEDIUM,0,0,2025-02-15
1923,804,LOW,1,0,2025-02-15
5516,337,MEDIUM,1,0,2025-02-15
3220,700,MEDIUM,0,0,2025-02-15
5739,487,LOW,4,0,2025-02-15
5325,511,LOW,4,5000,2025-02-15
2876,622,LOW,1,0,2025-02-15
5874,768,MEDIUM,2,0,2025-02-15
5416,819,LOW,3,5000,2025-02-15
5211,420,LOW,2,0,2025-02-15
5517,621,LOW,0,0,2025-02-15
5276,468,HIGH,1,5000,2025-02-15
5157,744,HIGH,1,0,2025-02-15
4085,764,LOW,0,0,2025-02-15
5427,458,MEDIUM,1,0,2025-02-15
5713,650,HIGH,3,0,2025-02-15
3487,681,MEDIUM,0,0,2025-02-15
5718,432,MEDIUM,3,0,2025-02-15
5424,480,MEDIUM,0,5000,2025-02-15
5274,764,LOW,2,0,2025-02-15
4572,618,MEDIUM,1,0,2025-02-15
5345,632,MEDIUM,1,0,2025-02-15
5557,361,LOW,3,0,2025-02-15
5956,306,LOW,1,5000,2025-02-15
5221,594,HIGH,3,0,2025-02-15
3424,843,LOW,1,0,2025-02-15
5742,832,HIGH,2,0,2025-02-15
5469,466,HIGH,1,0,2025-02-15
5169,474,MEDIUM,1,5000,2025-02-15
3446,747,LOW,0,0,2025-02-15
5327,720,HIGH,4,0,2025-02-15
3960,669,LOW,0,0,2025-02-15
3719,781,MEDIUM,2,0,2025-02-15
5744,699,MEDIUM,0,0,2025-02-15
5329,576,MEDIUM,4,0,2025-02-15
5761,475,MEDIUM,1,0,2025-02-15
5001,335,MEDIUM,4,5000,2025-02-15
5189,613,HIGH,2,0,2025-02-15
5764,836,HIGH,2,5000,2025-02-15
1916,653,MEDIUM,0,0,2025-02-15
5403,799,MEDIUM,2,0,2025-02-15
1057,640,MEDIUM,2,0,2025-02-15
5889,606,LOW,2,0,2025-02-15
5328,310,MEDIUM,4,0,2025-02-15
5697,438,MEDIUM,0,0,2025-02-15
5115,416,HIGH,2,5000,2025-02-15
2393,814,LOW,0,0,2025-02-15
5552,770,LOW,4,0,2025-02-15
2705,846,LOW,0,0,2025-02-15
1490,742,LOW,2,0,2025-02-15
1806,747,MEDIUM,2,0,2025-02-15
5923,351,MEDIUM,2,0,2025-02-15
5436,812,HIGH,4,0,2025-02-15
5817,716,HIGH,4,0,2025-02-15
5021,446,HIGH,3,0,2025-02-15
5257,305,MEDIUM,0,0,2025-02-15
2949,663,MEDIUM,2,0,2025-02-15
5884,792,HIGH,4,0,2025-02-15
3303,810,MEDIUM,2,0,2025-02-15
1131,607,LOW,0,0,2025-02-15
5685,446,MEDIUM,4,5000,2025-02-15
5423,376,HIGH,2,0,2025-02-15
4811,753,MEDIUM,2,0,2025-02-15
5520,377,MEDIUM,1,0,2025-02-15
5056,841,HIGH,3,0,2025-02-15
1005,822,MEDIUM,2,0,2025-02-15
5942,437,LOW,3,0,2025-02-15
4556,821,MEDIUM,0,0,2025-02-15
5209,691,MEDIUM,2,0,2025-02-15
5368,441,HIGH,4,0,2025-02-15
5561,708,HIGH,3,0,2025-02-15
4325,716,MEDIUM,2,0,2025-02-15
5602,720,HIGH,1,0,2025-02-15
5933,799,HIGH,3,5000,2025-02-15
1858,811,MEDIUM,0,0,2025-02-15
5860,650,LOW,1,0,2025-02-15
4514,831,MEDIUM,1,0,2025-02-15
5921,476,LOW,1,0,2025-02-15
5195,326,LOW,2,0,2025-02-15
5058,372,MEDIUM,4,5000,2025-02-15
5493,497,MEDIUM,2,0,2025-02-15
6000,317,HIGH,2,0,2025-02-15
5342,650,HIGH,0,0,2025-02-15
5229,626,LOW,1,0,2025-02-15
5756,800,HIGH,4,5000,2025-02-15
5100,351,LOW,4,0,2025-02-15
5624,435,MEDIUM,2,0,2025-02-15
1226,667,LOW,0,0,2025-02-15
4533,734,LOW,2,0,2025-02-15
2218,685,MEDIUM,0,0,2025-02-15
4722,799,MEDIUM,0,0,2025-02-15
5437,792,LOW,0,0,2025-02-15
5313,492,HIGH,0,0,2025-02-15
5171,337,LOW,0,0,2025-02-15
5456,696,LOW,2,5000,2025-02-15
5652,637,HIGH,2,0,2025-02-15
1510,621,LOW,1,0,2025-02-15
5356,749,MEDIUM,3,0,2025-02-15
5510,793,MEDIUM,2,0,2025-02-15
5240,483,HIGH,2,5000,2025-02-15
5914,830,HIGH,1,0,2025-02-15
5732,324,MEDIUM,3,0,2025-02-15
5407,721,MEDIUM,0,0,2025-02-15
3524,761,MEDIUM,0,0,2025-02-15
5346,619,HIGH,4,0,2025-02-15
5023,593,HIGH,0,0,2025-02-15
5928,509,MEDIUM,3,5000,2025-02-15
5512,409,LOW,4,5000,2025-02-15
5591,608,HIGH,0,5000,2025-02-15
5523,314,HIGH,3,0,2025-02-15
5727,715,HIGH,3,0,2025-02-15
5452,479,MEDIUM,0,0,2025-02-15
5155,819,HIGH,4,0,2025-02-15
5318,646,HIGH,2,5000,2025-02-15
5991,341,LOW,2,0,2025-02-15
5200,636,LOW,2,0,2025-02-15
5094,321,HIGH,4,0,2025-02-15
1766,690,MEDIUM,0,0,2025-02-15
2047,824,MEDIUM,2,0,2025-02-15
5308,373,HIGH,0,5000,2025-02-15
5398,417,LOW,0,0,2025-02-15
4446,688,LOW,2,0,2025-02-15
3622,760,MEDIUM,2,0,2025-02-15
4030,733,LOW,0,0,2025-02-15
3104,709,MEDIUM,1,0,2025-02-15
5478,655,HIGH,2,0,2025-02-15
5872,661,MEDIUM,4,0,2025-02-15
5405,309,MEDIUM,4,0,2025-02-15
5995,440,HIGH,1,0,2025-02-15
5089,762,HIGH,2,0,2025-02-15
2824,738,LOW,1,0,2025-02-15
5167,726,LOW,4,0,2025-02-15
2727,797,LOW,1,0,2025-02-15
5199,357,MEDIUM,3,5000,2025-02-15
5681,434,MEDIUM,2,0,2025-02-15
3200,650,MEDIUM,1,0,2025-02-15
1184,783,LOW,2,0,2025-02-15
3810,772,MEDIUM,2,0,2025-02-15
5748,371,MEDIUM,0,5000,2025-02-15
4772,631,LOW,1,0,2025-02-15
2250,606,MEDIUM,1,0,2025-02-15
5173,713,MEDIUM,3,0,2025-02-15
5365,326,MEDIUM,4,0,2025-02-15
1185,736,MEDIUM,0,0,2025-02-15
3195,789,MEDIUM,1,0,2025-02-15
1495,626,LOW,0,0,2025-02-15
2793,747,MEDIUM,0,0,2025-02-15
5589,804,MEDIUM,2,0,2025-02-15
2428,620,LOW,0,0,2025-02-15
5371,504,LOW,0,0,2025-02-15
2180,748,MEDIUM,2,0,2025-02-15
1163,662,LOW,0,0,2025-02-15
5066,339,HIGH,2,0,2025-02-15
5249,366,MEDIUM,1,0,2025-02-15
2677,845,MEDIUM,0,0,2025-02-15
3572,789,LOW,2,0,2025-02-15
5733,573,HIGH,1,0,2025-02-15
5782,377,HIGH,0,0,2025-02-15
5112,441,LOW,4,5000,2025-02-15
1236,840,LOW,0,0,2025-02-15
5803,802,HIGH,1,0,2025-02-15
2245,652,LOW,0,0,2025-02-15
5060,655,LOW,1,5000,2025-02-15
5164,684,HIGH,2,5000,2025-02-15
5046,742,LOW,1,0,2025-02-15
5575,832,LOW,0,0,2025-02-15
5219,424,MEDIUM,4,0,2025-02-15
5196,357,HIGH,2,0,2025-02-15
5223,390,MEDIUM,3,0,2025-02-15
1971,781,LOW,0,0,2025-02-15
5003,415,LOW,4,0,2025-02-15
5630,793,MEDIUM,0,0,2025-02-15
3149,607,LOW,2,0,2025-02-15
5940,461,LOW,3,0,2025-02-15
3529,821,LOW,2,0,2025-02-15
2517,648,LOW,2,0,2025-02-15
5765,823,HIGH,4,5000,2025-02-15
5018,759,MEDIUM,2,0,2025-02-15
5603,838,LOW,2,5000,2025-02-15
5627,472,LOW,3,0,2025-02-15
5295,598,LOW,0,0,2025-02-15
5083,622,MEDIUM,2,0,2025-02-15
5899,634,MEDIUM,0,0,2025-02-15
2854,727,MEDIUM,2,0,2025-02-15
5704,449,HIGH,1,0,2025-02-15
4631,702,MEDIUM,2,0,2025-02-15
5109,612,LOW,3,0,2025-02-15
4671,739,LOW,0,0,2025-02-15
5078,777,LOW,3,0,2025-02-15
5483,614,MEDIUM,4,0,2025-02-15
4761,737,LOW,1,0,2025-02-15
5130,755,HIGH,1,0,2025-02-15
5210,509,MEDIUM,2,0,2025-02-15
5975,704,MEDIUM,2,0,2025-02-15
5820,535,HIGH,1,0,2025-02-15
5542,344,MEDIUM,4,5000,2025-02-15
5487,756,MEDIUM,2,0,2025-02-15
5518,476,MEDIUM,1,0,2025-02-15
5339,698,MEDIUM,1,5000,2025-02-15
5513,415,HIGH,3,0,2025-02-15
3407,632,LOW,0,0,2025-02-15
3021,847,MEDIUM,0,0,2025-02-15
5461,558,LOW,0,5000,2025-02-15
5263,516,MEDIUM,2,0,2025-02-15
1144,728,LOW,0,0,2025-02-15
5861,590,MEDIUM,0,5000,2025-02-15
5429,739,MEDIUM,0,0,2025-02-15
4699,749,LOW,2,0,2025-02-15
5082,592,LOW,3,0,2025-02-15
5830,716,MEDIUM,1,0,2025-02-15
5286,393,HIGH,4,0,2025-02-15
5113,482,LOW,2,0,2025-02-15
5335,532,MEDIUM,4,0,2025-02-15
5866,840,MEDIUM,0,5000,2025-02-15
1427,748,MEDIUM,1,0,2025-02-15
3093,831,MEDIUM,1,0,2025-02-15
4048,738,LOW,0,0,2025-02-15
5014,508,MEDIUM,0,0,2025-02-15
5731,766,MEDIUM,2,0,2025-02-15
5643,479,HIGH,4,0,2025-02-15
5289,539,MEDIUM,2,0,2025-02-15
3264,674,MEDIUM,1,0,2025-02-15
3111,693,LOW,2,0,2025-02-15
5201,780,MEDIUM,0,0,2025-02-15
5183,548,LOW,2,0,2025-02-15
3224,831,MEDIUM,0,0,2025-02-15
2261,655,LOW,0,0,2025-02-15
5906,847,MEDIUM,4,0,2025-02-15
5251,583,LOW,4,5000,2025-02-15
5277,698,MEDIUM,4,0,2025-02-15
5958,504,HIGH,4,0,2025-02-15
5781,318,MEDIUM,2,0,2025-02-15
5925,734,HIGH,2,0,2025-02-15
2893,626,MEDIUM,1,0,2025-02-15
5629,742,MEDIUM,4,0,2025-02-15
5153,762,LOW,4,0,2025-02-15
2089,638,LOW,2,0,2025-02-15
5992,769,MEDIUM,2,0,2025-02-15
2209,816,LOW,0,0,2025-02-15
3689,795,MEDIUM,0,0,2025-02-15
5834,300,LOW,4,0,2025-02-15
3557,664,LOW,2,0,2025-02-15
5641,321,HIGH,2,5000,2025-02-15
5868,561,LOW,3,5000,2025-02-15
3863,660,MEDIUM,2,0,2025-02-15
5524,426,MEDIUM,2,0,2025-02-15
5621,540,LOW,1,0,2025-02-15
2495,717,MEDIUM,2,0,2025-02-15
5382,793,MEDIUM,2,0,2025-02-15
1193,782,LOW,0,0,2025-02-15
5446,613,HIGH,0,0,2025-02-15
2212,833,MEDIUM,2,0,2025-02-15
3231,674,MEDIUM,0,0,2025-02-15
2205,649,LOW,0,0,2025-02-15
5246,518,HIGH,1,0,2025-02-15
5547,555,LOW,2,0,2025-02-15
4790,838,LOW,2,0,2025-02-15
5684,496,HIGH,0,0,2025-02-15
5777,597,LOW,1,0,2025-02-15
5985,507,HIGH,2,0,2025-02-15
4498,846,MEDIUM,0,0,2025-02-15
5978,615,HIGH,1,0,2025-02-15
5584,328,LOW,3,0,2025-02-15
5662,562,HIGH,1,0,2025-02-15
5835,310,LOW,3,5000,2025-02-15
5498,445,LOW,4,0,2025-02-15
4057,744,LOW,0,0,2025-02-15
3202,724,LOW,2,0,2025-02-15
4464,830,LOW,0,0,2025-02-15
5222,801,LOW,0,0,2025-02-15
3078,775,LOW,2,0,2025-02-15
3628,716,LOW,0,0,2025-02-15
4159,644,LOW,2,0,2025-02-15
5057,746,MEDIUM,0,0,2025-02-15
1781,653,MEDIUM,1,0,2025-02-15
1154,742,LOW,0,0,2025-02-15
5252,604,LOW,3,5000,2025-02-15
5037,538,MEDIUM,3,0,2025-02-15
3066,600,MEDIUM,1,0,2025-02-15
2153,751,MEDIUM,2,0,2025-02-15
5185,798,HIGH,1,0,2025-02-15
5502,407,MEDIUM,2,0,2025-02-15
5448,808,LOW,2,0,2025-02-15
5138,662,HIGH,3,5000,2025-02-15
3766,611,MEDIUM,0,0,2025-02-15
5050,660,LOW,4,0,2025-02-15
5798,483,MEDIUM,0,0,2025-02-15
4267,747,MEDIUM,1,0,2025-02-15
1686,775,MEDIUM,2,0,2025-02-15
5576,559,HIGH,2,0,2025-02-15
5825,706,MEDIUM,0,0,2025-02-15
5447,778,MEDIUM,4,0,2025-02-15
5453,658,LOW,1,0,2025-02-15
5095,695,MEDIUM,2,0,2025-02-15
5186,806,HIGH,3,0,2025-02-15
5036,302,MEDIUM,3,0,2025-02-15
5208,560,LOW,2,0,2025-02-15
4626,636,LOW,0,0,2025-02-15
5071,415,MEDIUM,1,0,2025-02-15
5117,347,LOW,0,5000,2025-02-15
4371,734,MEDIUM,0,0,2025-02-15
5204,542,LOW,1,0,2025-02-15
5041,422,HIGH,1,0,2025-02-15
5376,526,MEDIUM,4,0,2025-02-15
5544,574,LOW,3,0,2025-02-15
5128,329,MEDIUM,0,0,2025-02-15
5271,305,LOW,0,5000,2025-02-15
1837,821,LOW,2,0,2025-02-15
2610,750,MEDIUM,1,0,2025-02-15
5887,325,MEDIUM,3,0,2025-02-15
5205,687,MEDIUM,1,0,2025-02-15
3680,806,LOW,1,0,2025-02-15
5532,316,LOW,2,0,2025-02-15
1960,832,MEDIUM,0,0,2025-02-15
3068,797,MEDIUM,2,0,2025-02-15
3233,611,MEDIUM,0,0,2025-02-15
5386,729,LOW,2,0,2025-02-15
2774,744,LOW,0,0,2025-02-15
5559,670,LOW,0,0,2025-02-15
5497,326,MEDIUM,3,5000,2025-02-15
5954,743,LOW,3,0,2025-02-15
5052,477,HIGH,3,5000,2025-02-15
5574,770,HIGH,0,5000,2025-02-15
5261,354,MEDIUM,4,0,2025-02-15
5946,469,MEDIUM,4,0,2025-02-15
3374,683,MEDIUM,2,0,2025-02-15
5679,729,HIGH,0,0,2025-02-15
5737,755,LOW,3,0,2025-02-15
5175,533,HIGH,1,0,2025-02-15
2413,839,MEDIUM,1,0,2025-02-15
5519,631,HIGH,3,0,2025-02-15
3474,782,LOW,1,0,2025-02-15
5528,760,HIGH,4,0,2025-02-15
5467,736,MEDIUM,4,0,2025-02-15
5146,435,MEDIUM,1,0,2025-02-15
5105,449,LOW,1,0,2025-02-15
4065,811,LOW,0,0,2025-02-15
5998,640,HIGH,0,0,2025-02-15
1591,768,LOW,2,0,2025-02-15
5492,644,HIGH,1,5000,2025-02-15
4654,642,LOW,1,0,2025-02-15
5738,529,MEDIUM,3,0,2025-02-15
5932,420,LOW,0,0,2025-02-15
5017,587,MEDIUM,1,5000,2025-02-15
4750,665,LOW,1,0,2025-02-15
5245,360,HIGH,3,0,2025-02-15
5305,326,MEDIUM,4,0,2025-02-15
1029,768,LOW,1,0,2025-02-15
5939,556,LOW,4,0,2025-02-15
5013,730,MEDIUM,0,0,2025-02-15
4928,786,LOW,1,0,2025-02-15
2765,607,MEDIUM,2,0,2025-02-15
4642,828,LOW,0,0,2025-02-15
5712,693,LOW,2,0,2025-02-15
3516,600,MEDIUM,0,0,2025-02-15
2079,626,MEDIUM,0,0,2025-02-15
4943,723,LOW,1,0,2025-02-15
5358,613,LOW,3,0,2025-02-15
5637,835,HIGH,4,0,2025-02-15
3419,702,LOW,2,0,2025-02-15
5330,608,LOW,3,0,2025-02-15
5609,489,HIGH,0,0,2025-02-15
5927,651,HIGH,0,0,2025-02-15
2741,821,LOW,2,0,2025-02-15
2576,619,MEDIUM,2,0,2025-02-15
5683,781,LOW,1,0,2025-02-15
5059,571,LOW,1,0,2025-02-15
5399,759,MEDIUM,1,5000,2025-02-15
2523,630,MEDIUM,1,0,2025-02-15
4444,806,LOW,2,0,2025-02-15
5747,300,LOW,0,0,2025-02-15
5715,787,HIGH,4,0,2025-02-15
3629,712,MEDIUM,2,0,2025-02-15
5617,651,LOW,0,0,2025-02-15
5213,382,MEDIUM,2,0,2025-02-15
1988,796,LOW,1,0,2025-02-15
5980,477,MEDIUM,0,0,2025-02-15
5757,801,MEDIUM,4,0,2025-02-15
5790,811,MEDIUM,3,0,2025-02-15
5297,469,LOW,1,0,2025-02-15
5895,701,LOW,3,0,2025-02-15
5951,694,MEDIUM,2,0,2025-02-15
2658,608,MEDIUM,2,0,2025-02-15
4743,846,LOW,1,0,2025-02-15
1929,664,LOW,2,0,2025-02-15
5241,830,MEDIUM,2,0,2025-02-15
1273,827,MEDIUM,0,0,2025-02-15
5862,538,LOW,3,0,2025-02-15
5409,494,LOW,4,0,2025-02-15
1205,703,LOW,1,0,2025-02-15
5301,418,LOW,0,5000,2025-02-15
5663,679,HIGH,1,5000,2025-02-15
5816,727,MEDIUM,4,0,2025-02-15
1682,718,MEDIUM,0,0,2025-02-15
5805,322,HIGH,2,0,2025-02-15
5570,775,MEDIUM,0,0,2025-02-15
5011,317,HIGH,2,0,2025-02-15
2181,781,LOW,0,0,2025-02-15
5284,696,HIGH,2,0,2025-02-15
5902,352,MEDIUM,0,0,2025-02-15
5336,640,LOW,2,0,2025-02-15
5206,524,LOW,0,0,2025-02-15
5388,664,LOW,3,0,2025-02-15
5644,503,HIGH,3,0,2025-02-15
5024,447,HIGH,3,0,2025-02-15
5383,444,HIGH,3,0,2025-02-15
5965,611,LOW,1,5000,2025-02-15
1842,652,MEDIUM,0,0,2025-02-15
5215,816,LOW,0,5000,2025-02-15
2734,792,MEDIUM,1,0,2025-02-15
5455,649,HIGH,4,0,2025-02-15
1820,644,MEDIUM,2,0,2025-02-15
2321,624,LOW,0,0,2025-02-15
5607,360,MEDIUM,1,5000,2025-02-15
5190,822,MEDIUM,0,0,2025-02-15
4822,635,MEDIUM,0,0,2025-02-15
4091,690,MEDIUM,1,0,2025-02-15
1086,836,MEDIUM,0,0,2025-02-15
5623,725,LOW,1,0,2025-02-15
5787,332,LOW,3,0,2025-02-15
5538,442,LOW,3,0,2025-02-15
1679,842,MEDIUM,1,0,2025-02-15
2656,735,LOW,2,0,2025-02-15
5296,606,MEDIUM,0,0,2025-02-15
5543,425,MEDIUM,4,0,2025-02-15
5788,394,LOW,3,0,2025-02-15
5672,334,LOW,1,0,2025-02-15
3594,812,MEDIUM,2,0,2025-02-15
2187,684,MEDIUM,1,0,2025-02-15
1938,701,MEDIUM,0,0,2025-02-15
5049,590,MEDIUM,4,0,2025-02-15
5808,728,LOW,1,0,2025-02-15
5317,586,HIGH,4,0,2025-02-15
5019,783,MEDIUM,2,0,2025-02-15
5989,393,HIGH,1,0,2025-02-15
5778,376,MEDIUM,3,0,2025-02-15
5322,732,HIGH,4,0,2025-02-15
5521,767,LOW,1,0,2025-02-15
5159,759,MEDIUM,2,0,2025-02-15
5982,327,LOW,1,0,2025-02-15
5879,322,HIGH,0,0,2025-02-15
5511,680,MEDIUM,4,0,2025-02-15
5666,630,LOW,2,0,2025-02-15
3894,779,LOW,1,0,2025-02-15
5230,470,HIGH,2,0,2025-02-15
5959,424,MEDIUM,1,5000,2025-02-15
5088,625,HIGH,1,0,2025-02-15
1446,618,LOW,0,0,2025-02-15
4998,629,MEDIUM,0,0,2025-02-15
5812,422,HIGH,3,0,2025-02-15
5040,608,MEDIUM,2,0,2025-02-15
5702,801,LOW,1,0,2025-02-15
5677,303,LOW,0,0,2025-02-15
5836,745,LOW,2,0,2025-02-15
5888,845,HIGH,0,0,2025-02-15
5433,555,MEDIUM,4,5000,2025-02-15
5389,804,LOW,1,0,2025-02-15
2810,660,LOW,0,0,2025-02-15
5177,597,LOW,4,0,2025-02-15
1061,685,MEDIUM,2,0,2025-02-15
4530,673,LOW,0,0,2025-02-15
5955,531,MEDIUM,4,0,2025-02-15
3822,748,LOW,2,0,2025-02-15
5537,501,HIGH,3,0,2025-02-15
5548,603,MEDIUM,1,0,2025-02-15
4097,819,LOW,0,0,2025-02-15
5556,334,LOW,0,0,2025-02-15
5981,820,HIGH,0,0,2025-02-15
5661,718,HIGH,0,0,2025-02-15
3948,647,LOW,2,0,2025-02-15
2009,844,MEDIUM,1,0,2025-02-15
3752,746,MEDIUM,0,0,2025-02-15
5935,826,HIGH,4,0,2025-02-15
5881,705,HIGH,3,0,2025-02-15
5008,500,HIGH,4,0,2025-02-15
5657,604,HIGH,1,0,2025-02-15
5468,434,HIGH,1,0,2025-02-15
2848,781,MEDIUM,2,0,2025-02-15
5908,786,MEDIUM,1,0,2025-02-15
3502,657,LOW,1,0,2025-02-15
5319,525,MEDIUM,2,5000,2025-02-15
5099,380,MEDIUM,4,0,2025-02-15
1041,632,LOW,0,0,2025-02-15
5957,579,HIGH,3,0,2025-02-15
4351,799,LOW,2,0,2025-02-15
1172,617,LOW,0,0,2025-02-15
5735,694,HIGH,0,0,2025-02-15
2736,819,LOW,0,0,2025-02-15
5353,734,MEDIUM,1,0,2025-02-15
5780,506,LOW,4,5000,2025-02-15
5012,728,LOW,2,0,2025-02-15
5434,306,MEDIUM,4,0,2025-02-15
5282,739,LOW,2,5000,2025-02-15
5086,398,MEDIUM,0,0,2025-02-15
5009,582,HIGH,2,5000,2025-02-15
5706,502,MEDIUM,0,0,2025-02-15
5020,580,HIGH,3,0,2025-02-15
3282,701,LOW,2,0,2025-02-15
5191,371,MEDIUM,2,0,2025-02-15
5806,758,LOW,3,0,2025-02-15
5689,315,LOW,1,0,2025-02-15
5225,412,LOW,3,0,2025-02-15
5892,805,MEDIUM,1,0,2025-02-15
1631,673,LOW,1,0,2025-02-15
5920,648,HIGH,0,0,2025-02-15
5393,771,LOW,1,0,2025-02-15
5796,608,HIGH,4,0,2025-02-15
3299,613,MEDIUM,2,0,2025-02-15
5613,456,HIGH,1,0,2025-02-15
5996,349,MEDIUM,2,5000,2025-02-15
5904,760,LOW,0,0,2025-02-15
2973,756,MEDIUM,0,0,2025-02-15
5137,830,MEDIUM,3,0,2025-02-15
3442,796,MEDIUM,1,0,2025-02-15
5422,499,MEDIUM,1,0,2025-02-15
5944,408,LOW,2,0,2025-02-15
5028,795,LOW,3,0,2025-02-15
1967,666,LOW,1,0,2025-02-15
5168,546,MEDIUM,4,0,2025-02-15
5705,523,LOW,2,0,2025-02-15
5445,510,MEDIUM,0,0,2025-02-15
4647,735,MEDIUM,2,0,2025-02-15
3451,828,MEDIUM,1,0,2025-02-15
5287,515,MEDIUM,3,0,2025-02-15
3770,680,MEDIUM,0,0,2025-02-15
1723,726,MEDIUM,1,0,2025-02-15
2364,631,MEDIUM,1,0,2025-02-15
5148,418,HIGH,2,0,2025-02-15
1222,700,MEDIUM,0,0,2025-02-15
5898,756,MEDIUM,2,0,2025-02-15
4308,792,LOW,0,0,2025-02-15
5849,343,LOW,0,0,2025-02-15
5716,569,LOW,3,0,2025-02-15
4033,687,MEDIUM,2,0,2025-02-15
5580,417,LOW,0,0,2025-02-15
5586,322,HIGH,1,0,2025-02-15
1997,829,LOW,0,0,2025-02-15
4942,826,LOW,1,0,2025-02-15
5675,560,HIGH,0,0,2025-02-15
5949,526,HIGH,0,0,2025-02-15
5232,571,HIGH,0,0,2025-02-15
5971,382,LOW,4,0,2025-02-15
5745,384,LOW,0,0,2025-02-15
4838,628,MEDIUM,0,0,2025-02-15
5614,431,LOW,2,0,2025-02-15
5062,301,LOW,2,5000,2025-02-15
5227,387,LOW,1,0,2025-02-15
5549,774,HIGH,0,5000,2025-02-15
5749,535,HIGH,3,0,2025-02-15
4490,714,MEDIUM,1,0,2025-02-15
5410,748,LOW,2,0,2025-02-15
5217,601,LOW,3,0,2025-02-15
4535,737,MEDIUM,2,0,2025-02-15
3199,786,MEDIUM,1,0,2025-02-15
5243,468,MEDIUM,2,0,2025-02-15
5686,513,MEDIUM,4,5000,2025-02-15
2654,663,LOW,2,0,2025-02-15
5244,312,LOW,2,0,2025-02-15
5759,693,HIGH,3,0,2025-02-15
5540,520,MEDIUM,1,0,2025-02-15
4420,823,LOW,0,0,2025-02-15
5918,652,LOW,0,0,2025-02-15
1002,800,LOW,0,0,2025-02-15
5826,812,HIGH,3,0,2025-02-15
5025,462,LOW,0,0,2025-02-15
3188,753,MEDIUM,2,0,2025-02-15
5947,687,LOW,0,5000,2025-02-15
5936,325,LOW,3,0,2025-02-15
5837,606,MEDIUM,4,0,2025-02-15
5053,705,HIGH,0,5000,2025-02-15
1650,617,LOW,1,0,2025-02-15
5406,646,MEDIUM,4,5000,2025-02-15
5878,304,HIGH,1,5000,2025-02-15
5941,573,HIGH,0,0,2025-02-15
3792,601,LOW,1,0,2025-02-15
1788,809,LOW,1,0,2025-02-15
5811,628,HIGH,1,0,2025-02-15
5707,590,MEDIUM,1,0,2025-02-15
5426,714,MEDIUM,0,0,2025-02-15
5337,832,HIGH,4,0,2025-02-15
5352,734,MEDIUM,1,0,2025-02-15
5216,530,LOW,3,0,2025-02-15
5801,601,HIGH,2,0,2025-02-15
5178,425,MEDIUM,0,0,2025-02-15
5948,515,LOW,3,0,2025-02-15
5121,476,MEDIUM,1,0,2025-02-15
5962,837,HIGH,4,0,2025-02-15
2976,650,LOW,2,0,2025-02-15
1443,608,LOW,2,0,2025-02-15
5470,831,MEDIUM,2,0,2025-02-15
2112,661,LOW,2,0,2025-02-15
4859,700,MEDIUM,0,0,2025-02-15
1218,661,LOW,0,0,2025-02-15
5098,664,HIGH,3,0,2025-02-15
5819,357,HIGH,3,0,2025-02-15
2388,739,LOW,1,0,2025-02-15
5786,356,MEDIUM,1,0,2025-02-15
5425,499,HIGH,4,0,2025-02-15
5615,734,LOW,0,0,2025-02-15
5999,536,HIGH,2,0,2025-02-15
5698,408,HIGH,4,0,2025-02-15
5366,514,HIGH,0,0,2025-02-15
5143,608,MEDIUM,4,0,2025-02-15
